Symbol,Title,Date
apple,Apple Cash will offer virtual card numbers for online shopping,2024-02-12
apple,Apple has reportedly made foldable iPhone prototypes,2024-02-07
apple,The best Apple Watch in 2024,2024-02-23
apple,Engadget Podcast: Our Apple Vision Pro hangover,2024-02-16
apple,Apple Vision Pro teardown deconstructs the weird-looking EyeSight display,2024-02-05
apple,The Apple Vision Pro Lives Deep in the Uncanny Valley,2024-02-01
apple,Crying in Apple Vision Pro Is No Laughing Matter,2024-02-22
apple,Apple reaches possible settlement with the startup it sued for trade secret theft,2024-02-10
apple,Developers Are in Open Revolt Over Apple’s New App Store Rules,2024-02-12
apple,Apple says the iPhone 15’s battery has double the promised lifespan,2024-02-20
apple,The second-gen Apple HomePod is down to $285 in a rare sale,2024-02-23
apple,"21 Best Presidents' Day Deals (2024): Tech, Couches, and More",2024-02-16
apple,"21 Best Presidents' Day Deals (2024): Tech, Couches, and More",2024-02-16
apple,"Apple Pay is down for Chase customers, and perhaps others",2024-02-17
apple,"Apple Vision Pro review: magic, until it’s not",2024-01-30
apple,FCC commissioner wants to investigate Apple over Beeper Mini shutdown,2024-02-12
apple,Apple iOS 17.4: iMessage Gets Post-Quantum Encryption in New Update,2024-02-21
apple,A star creator’s go-to travel gear,2024-01-28
apple,Epic plans to launch its own iOS storefront in the EU this year,2024-02-16
apple,Tim Cook Teases Big AI Announcement for Apple Later This Year,2024-02-02
apple,You no longer have to visit an Apple Store if you forget your Vision Pro passcode,2024-02-12
apple,The Morning After: Apple has reportedly made multiple foldable iPhone prototypes,2024-02-08
apple,A piracy app outranked Netflix on the App Store before Apple pulled it,2024-02-14
apple,A new Vision Pro teardown shows Apple’s incredible pixel density,2024-02-07
apple,Apple’s latest prototype AI tool can animate images using text descriptions,2024-02-14
apple,A four-pack of Apple AirTags is back on sale for $79,2024-02-04
apple,Ex-Apple engineer sentenced to six months in prison for stealing self-driving car tech,2024-02-09
apple,Here are the most useful Apple Vision Pro apps at launch,2024-02-02
apple,Indie labels say Apple Music’s spatial audio royalties only ‘benefit the biggest player’,2024-02-04
apple,US Secretary of Transportation states the obvious: Don't use the Apple Vision Pro while driving,2024-02-06
apple,"Google, Apple, Meta and other huge tech companies join US consortium to advance responsible AI",2024-02-08
apple,The latest Apple Pencil with USB-C charging falls to a new low price,2024-02-06
apple,The EU is reportedly set to hit Apple with a $539 million fine in antitrust probe,2024-02-18
apple,"MLB.TV's four-game Multiview feature is coming to Apple, Amazon and Google TV devices",2024-02-14
apple,It’s Apparently Easy to Crack the Apple Vision Pro's Front Screen,2024-02-24
apple,"Don't use smartwatches and rings that claim to measure blood sugar without needles, the FDA warns",2024-02-22
apple,Apple and Google Just Patched Their First Zero-Day Flaws of the Year,2024-01-31
apple,"Apple's 10th-gen iPad is $100 off, matching a record low",2024-02-16
apple,Why does Apple make it so hard to share the Vision Pro?,2024-02-16
apple,Zuck Tells Apple Vision Bros Their New Toy Sucks,2024-02-14
apple,Here’s What Reviewers Are Saying About the Apple Vision Pro,2024-01-30
apple,People Are Finding Very Unothodox Ways of Using Their Apple Vision Pro Headsets,2024-02-10
apple,The 256GB iPad mini is $120 off and down to a record-low price,2024-02-23
apple,You can now mark up your Google Docs with handwritten notes on Android devices,2024-02-26
apple,"The Morning After: Foldable iPhone rumors, Rogan’s new Spotify deal and more",2024-02-10
apple,Want to Stream Without Ads? That’ll Cost You,2024-01-29
apple,The AIs are officially out of control,2024-02-23
apple,"After trying the Vision Pro, Mark Zuckerberg says Quest 3 ‘is the better product, period’",2024-02-14
apple,Former Apple Engineer Gets Prison Time for Stealing Driverless Car Tech,2024-02-09
apple,Apple Vision Pro Teardown and Stress Test: Those Fake Eyes Can Take a Beating,2024-02-05
apple,Apple Vision Pro Hands-on: Brilliant AR Capabilities That Still Cost Too Darn Much,2024-02-13
apple,Video of Man 'Flying' Plane While Wearing the Apple Vision Pro Sparks Outrage,2024-02-07
apple,Movie Piracy App Surpassed Netflix and Disney+ on App Store Before Apple Killed It,2024-02-15
apple,iPhone 15 Pro Max Vs Samsung S24 Ultra Battery Life: Apple Finally Has Some Competition,2024-02-06
apple,"Apple MacBook Pro M3 Max vs. Razer Blade 16: Battle of the Heavyweight, Ultra-Expensive Laptops",2024-02-22
apple,Apple Investigating 'Ghost Touches' Issue Affecting Some Series 9 and Ultra 2 Watches,2024-02-10
apple,Save over $100 on the 10th-gen iPad with two years of AppleCare+,2024-02-02
apple,Apple Shares Vision Pro User Guide and Dozens of Support Documents With Useful Tips,2024-02-03
apple,Apple Card Users Earned More Than $1 Billion in Daily Cash Last Year,2024-01-30
apple,iOS 17.4 Beta Lets Apple Cash Users Generate Virtual Card Numbers,2024-02-12
apple,One of the last small-ish Android phones looks like it’s going the way of the iPhone Mini,2024-02-20
apple,Android 15’s first developer preview has arrived,2024-02-16
apple,Apple Now Selling $300 Developer Strap for Vision Pro,2024-02-02
apple,Apple Shares New 'First-Timer' Ad for Vision Pro,2024-02-02
apple,Apple Settles Trade Secret Lawsuit With SoC Startup Rivos,2024-02-09
apple,iFixit Shares Apple Vision Pro Teardown,2024-02-03
apple,Apple Won't Face AliveCor Antitrust Lawsuit Over Apple Watch Heart Rate Technology,2024-02-06
apple,Apple Vision Pro Launches: 'The Era of Spatial Computing Has Arrived',2024-02-02
apple,Apple Vision Pro Demos Can Be Reserved Online Starting Monday,2024-02-02
apple,HP Envy Move All-in-One Hands-on: Not the Apple iMac Replacement We Were Hoping For,2024-02-05
apple,"Best Buy Takes $90 Off Large Collection of Apple Watch Series 9 Models, Starting at $309",2024-02-13
apple,Apple Vision Pro's Developer Strap and Diagnostics Mode Revealed in More Detail,2024-02-02
apple,"OpenAI Sora's Breaks Our Brains, Vision Pro Loses Its Luster, and More Big Tech News",2024-02-17
apple,NVIDIA becomes the third most valuable US company at Alphabet's expense,2024-02-15
apple,Google finally brings Wallet passes to Wear OS watches along with transit directions,2024-02-26
apple,Apple Music Launches Monthly Replay Experience,2024-02-20
apple,Apple Vision Pro Reviews and Unboxing Videos Shared Ahead of Launch,2024-01-30
apple,The Morning After: Samsung gets FDA approval for its sleep apnea feature on Galaxy Watch,2024-02-12
apple,'Apple Sports' App Announced With Personalized Scoreboards and More,2024-02-21
apple,"Apple Music Super Bowl Ad Features Tim Cook, Ludacris and More",2024-02-07
apple,Apple Shares Overview of Vision Pro's Privacy and Security Features,2024-02-13
apple,Apple Watch Series 9 Drops to Record Low $299 Price at Best Buy,2024-02-03
apple,Apple Vision Pro Review Roundup,2024-01-30
apple,Apple thanked a man charged with defrauding them out of more than $2.5 million in gift cards and electronics,2024-02-08
apple,Vision Pro Demo Appointments Begin Today at All Apple Stores in U.S.,2024-02-05
apple,Nvidia CEO calls for “Sovereign AI” as his firm overtakes Amazon in market value,2024-02-13
apple,Unsealed court doc shows why Apple rejected Microsoft’s offer to buy Bing,2024-02-26
apple,Apple Music 'Replay 2024' Playlist Now Available,2024-01-30
apple,Apple Releases New Firmware for AirPods Max,2024-01-30
apple,Apple Vision Pro Apps to Check Out,2024-02-02
apple,Apple Music Not Working For Some Users,2024-01-29
apple,Apple Preparing iOS 17.3.1 Update for iPhone,2024-02-05
apple,Apple Now Has More Than 2.2 Billion Active Devices Worldwide,2024-02-01
apple,Apple Adds Last MacBook Pro With CD Drive to Obsolete Products List,2024-01-31
apple,Vision Pro Demo Appointments Begin Tomorrow at All U.S. Apple Stores,2024-02-01
apple,'Masters of the Air' Sees Most Watched Apple TV+ Launch to Date,2024-02-20
apple,Apple declares last MacBook Pro with an optical drive obsolete,2024-01-31
apple,Apple Developing AI Tool to Help Developers Write Code for Apps,2024-02-15
apple,The Vision Pro Review: I'm running out of reasons to wear Apple's futuristic headset after a week,2024-02-15
apple,Apple's Vision Pro is meant to be used when you're alone. You look weird if you wear it in public — at least for now.,2024-02-05
google,Google Splits Up Its Responsible AI Team,2024-01-31
google,The 4K Google Chromecast is back on sale for $40,2024-02-05
google,Google engineers modded a PlayStation Portal to emulate PSP games,2024-02-20
google,Google explains why Gemini's image generation feature overcorrected for diversity,2024-02-24
google,Google Prepares for a Future Where Search Isn’t King,2024-02-08
google,Google Tests Killing the News,2024-02-23
google,Google spent billions of dollars to lay people off,2024-01-30
google,"Microsoft, OpenAI, Google and others agree to combat election-related deepfakes",2024-02-16
google,Google Pay is shutting down in the US later this year,2024-02-23
google,You can now mark up your Google Docs with handwritten notes on Android devices,2024-02-26
google,Google brings Gemini to Messages and adds AI text summaries for Android Auto,2024-02-26
google,"Google, Apple, Meta and other huge tech companies join US consortium to advance responsible AI",2024-02-08
google,Google starts a limited test of generative AI tools in Maps,2024-02-01
google,"MLB.TV's four-game Multiview feature is coming to Apple, Amazon and Google TV devices",2024-02-14
google,Google finally brings Wallet passes to Wear OS watches along with transit directions,2024-02-26
google,Google pauses Gemini’s ability to generate people after overcorrecting for diversity in historical images,2024-02-22
google,Google Rebrands Its AI Chatbot as Gemini to Take On ChatGPT,2024-02-08
google,Gemini Advanced Is a Central Part of Google's Subscription Future,2024-02-08
google,"How to Get Gemini Advanced, Google's Subscription-Only AI Chatbot",2024-02-08
google,Apple and Google Just Patched Their First Zero-Day Flaws of the Year,2024-01-31
google,Google apologizes for ‘missing the mark’ after Gemini generated racially diverse Nazis,2024-02-21
google,Google's Duet AI for businesses is now called Gemini too,2024-02-21
google,Google brings a version of Pixel's 'Hold for Me' tool to more phones and desktop via Search,2024-02-16
google,Google’s use of student data could effectively ban Chromebooks from Denmark schools,2024-02-08
google,Wear OS is revamping notifications to improve battery life,2024-02-26
google,The Pixel 8 is getting Google’s new AI search feature today,2024-01-31
google,Google Is Sunsetting the Google Pay App,2024-02-23
google,Google’s ‘Woke’ Image Generator Shows the Limitations of AI,2024-02-22
google,Is Google Gemini the end of Google Assistant?,2024-02-09
google,Arc’s New AI Browser Features Are an Act of War Against Google Search,2024-02-02
google,"The Google Pixel Fold 2 Has Leaked, and Baby, It’s Got Back",2024-02-07
google,Google Pauses Gemini’s Image Generator After It Was Accused of Being Racist Against White People,2024-02-22
google,The AIs are officially out of control,2024-02-23
google,Here Comes the Flood of AI-Generated Clickbait,2024-02-15
google,Ring’s cheapest subscription plan is going up by $10 a year,2024-02-09
google,I Tested a Next-Gen AI Assistant. It Will Blow You Away,2024-02-01
google,Google app update reveals Google doesn't know what to call Assistant with Bard,2024-01-30
google,Google teases redesign for Sign in with Google with a 'new look' on the way,2024-02-12
google,The second-gen Apple HomePod is down to $285 in a rare sale,2024-02-23
google,"21 Best Presidents' Day Deals (2024): Tech, Couches, and More",2024-02-16
google,"21 Best Presidents' Day Deals (2024): Tech, Couches, and More",2024-02-16
google,Google adds useful Assistant feature to Gemini,2024-02-22
google,How to use 'Photomoji' in Google Messages,2024-02-05
google,Google Assistant stalls for Android Auto users,2024-02-10
google,Google Messages starts rolling out Screen Effects,2024-02-16
google,"Google's Gemini 1.5 Pro is a new, more efficient AI model",2024-02-15
google,Android 15’s first developer preview has arrived,2024-02-16
google,JBL Authentics 300 smart speaker review: two assistants at once,2024-02-08
google,"Music Piracy Is Back, Baby",2024-02-01
google,Who makes money when AI reads the internet for us?,2024-02-09
google,"Google Gemini AI explained: Cost, features, availability, and controversies",2024-02-14
google,New Google Chat update makes it easier to save messages,2024-02-07
google,Google drops the first Android 15 developer preview,2024-02-16
google,More evidence surfaces showing Google Messages' edit feature in action,2024-02-16
google,What Apple can learn from Google and Samsung about AI,2024-02-17
google,Google One hits a big milestone with its subscriber base,2024-02-12
google,Google vows to address Gemini's existing issues fast,2024-02-12
google,'Gemini Enterprise' launches amid Google One's new 'AI Premium' plan,2024-02-21
google,New update to Google Workspace makes finding comments way easier,2024-02-17
google,Google explains what went wrong with Gemini's AI image generation,2024-02-23
google,Google Meet brings Companion Mode to mobile devices,2024-02-13
google,Google plans to bring new cross-device features to Android,2024-02-13
google,Google may release the first Android 15 preview very soon,2024-02-14
google,Google makes passkeys virtually accessible to everyone with new alliance,2024-02-02
google,Google Assistant becomes Gemini – but only in certain countries,2024-02-22
google,The Google Pay app is shutting down later this year,2024-02-22
google,Google halts AI image generation on Gemini following backlash,2024-02-22
google,YouTube TV gets a 1080p Enhanced option that offers better video quality,2024-02-07
google,The Story Behind Elon Musk’s Tweet Restriction Fiasco,2024-02-14
google,Google issues Gemini AI privacy warning,2024-02-14
google,Google adds AI writing help to Chrome,2024-02-23
google,Google Joins Satellite Mission To Scan Globe for Methane Leaks,2024-02-14
google,OpenAI Develops Web Search Product in Challenge To Google,2024-02-15
google,Google Tests Removing the News Tab From Search Results,2024-02-23
google,Reddit in AI Content Licensing Deal With Google,2024-02-22
google,Google Pauses AI Image-generation of People After Diversity Backlash,2024-02-22
google,Google Shareholders to Receive $350 Million in Lawsuit Settlement,2024-02-12
google,Google spent $2.1 billion on layoffs last year,2024-01-30
google,Samsung Galaxy S24: First Features You Should Try,2024-01-31
google,Google just can't seem to catch a break,2024-02-23
google,Samsung Galaxy S24 Ultra: What I Love and What I Don't,2024-02-05
google,Google debuts more powerful “Ultra 1.0” AI model in rebranded “Gemini” chatbot,2024-02-08
google,"Google upstages itself with Gemini 1.5 AI launch, one week after Ultra 1.0",2024-02-15
google,"Google goes “open AI” with Gemma, a free, open-weights chatbot family",2024-02-21
google,"Meta will label AI-generated content from OpenAI and Google on Facebook, Instagram",2024-02-06
google,Google launches Gemma: new open source AI tool for developers,2024-02-21
google,Spyware on the rise despite U.S. and Google efforts,2024-02-07
google,YouTube and Google drive Alphabet to $15bn revenue,2024-01-31
google,Android 15: Google may update Bluetooth audio sharing,2024-01-31
google,Google introduces advanced AI capabilities to advertisers through Gemini integration,2024-02-22
google,Unsealed court doc shows why Apple rejected Microsoft’s offer to buy Bing,2024-02-26
google,Microsoft Edge steals your data from Google Chrome,2024-01-31
google,Google Bard to be rebranded as Gemini – reports,2024-02-05
google,Google Gemini AI now in more countries for Android users,2024-02-12
google,Google expands AI offerings with launch of Gemini Advanced,2024-02-08
google,"News Weekly: Google rebrands Bard, Gemini arrives in Canada, and more",2024-02-10
google,Google Tasks is the best Gmail feature you forget to use,2024-02-09
google,Google confirms it is phasing out cache links in search results,2024-02-05
google,Google Bard's rebranding to Gemini might just be around the corner,2024-02-05
google,Google offers discounted Pixel Watch replacements to out-of-warranty users,2024-02-13
amazon,"Amazon launches Rufus, an AI-powered shopping assistant",2024-02-01
amazon,The Nintendo Switch has received a rare discount at Amazon,2024-02-01
amazon,Amazon left Roomba with a huge mess to clean up,2024-01-31
amazon,Amazon Prime Video Ads Start Today,2024-01-29
amazon,Amazon Fire tablets are up to 35 percent off right now,2024-02-06
amazon,The latest Amazon Echo Show 8 returns to an all-time low of $90,2024-02-06
amazon,Amazon Prime Video won't offer Dolby Vision and Atmos on its ad-supported plan,2024-02-13
amazon,"MLB.TV's four-game Multiview feature is coming to Apple, Amazon and Google TV devices",2024-02-14
amazon,Want to Stream Without Ads? That’ll Cost You,2024-01-29
amazon,Amazon Prime Video drops Dolby Vision and Atmos unless you pay extra,2024-02-13
amazon,Amazon Is Getting Sued Over Its Prime Video Fee Hike,2024-02-13
amazon,"The 14 best Presidents' Day sales at Amazon, Best Buy, Target and others to shop this weekend",2024-02-16
amazon,"Samsung Odyssey monitors are up to $1,000 off right now",2024-02-01
amazon,Walmart might buy Vizio to win the fight over cheap TVs,2024-02-13
amazon,JBL Authentics 300 smart speaker review: two assistants at once,2024-02-08
amazon,Today is the last day to score preorder promos on the Galaxy S24 series,2024-01-30
amazon,NVIDIA becomes the third most valuable US company at Alphabet's expense,2024-02-15
amazon,Amazon’s Cloud Boss Likens Generative AI Hype to the Dotcom Bubble,2024-02-07
amazon,"21 Best Presidents' Day Deals (2024): Tech, Couches, and More",2024-02-16
amazon,"21 Best Presidents' Day Deals (2024): Tech, Couches, and More",2024-02-16
amazon,The official Xbox wireless controller is down to $44 ($16 off),2024-02-20
amazon,The second-gen Apple HomePod is down to $285 in a rare sale,2024-02-23
amazon,You can snag a pair of Sonos’ excellent Era 100 speakers for $90 off right now,2024-02-15
amazon,"Amazon hides cheaper items with faster delivery, lawsuit alleges",2024-02-12
amazon,Pansonic's powerful Lumix S5 II is $800 off with a prime lens,2024-02-23
amazon,Amazon Confirms Fire TV Is Dropping Android,2024-02-02
amazon,"7 Best Valentine's Day Sex Toy Deals: Suction Toys, Vibrators, and Dildos",2024-02-05
amazon,Amazon Echo Hub review: An underpowered great idea,2024-02-21
amazon,Jeff Bezos' Miami move could save him $600 million in taxes on stock sale,2024-02-13
amazon,"Amazon hides lower priced items, claims lawsuit",2024-02-13
amazon,"Check Your Pack-and-Play Mattress: 20,000 Infant Beds Recalled - CNET",2024-02-23
amazon,Amazon Joins Companies Arguing US Labor Board is Unconstitutional,2024-02-16
amazon,Live updates: Amazon to report 4th-quarter earnings,2024-02-01
amazon,Sony's Spider-Man Shows Spin Up Some Interesting Developments,2024-02-17
amazon,Nvidia CEO calls for “Sovereign AI” as his firm overtakes Amazon in market value,2024-02-13
amazon,Amazon can’t hoover up Roomba after EU nixes $1.4B iRobot acquisition,2024-01-29
amazon,Amazon cancela la compra de iRobot (Roomba),2024-01-29
amazon,"Amazon drops $1.4 billion deal with iRobot amid EU resistance, spurring layoffs",2024-01-29
amazon,Amazon's effort to ditch Android on Fire TV may be taking shape,2024-02-04
amazon,Amazon enjoyed a strong Q4 thanks to record-breaking holiday sales,2024-02-02
amazon,Save over $100 on the 10th-gen iPad with two years of AppleCare+,2024-02-02
amazon,"Apple's 10th-gen iPad is $100 off, matching a record low",2024-02-16
amazon,"PayPal is laying off 2,500 employees",2024-01-30
amazon,Mark Zuckerberg has had quite the week,2024-02-02
amazon,Roomba maker hit with layoffs as Amazon calls off $1.7 billion cash deal,2024-01-29
amazon,Amazon content spending nears $19 Billion for 2023,2024-02-02
amazon,Amazon Prime Video's Ads Tier Loses Dolby Vision HDR and Dolby Atmos,2024-02-13
amazon,The Google Pixel Fold has suddenly crashed to a record low price at Best Buy — but how long will it last?,2024-02-13
amazon,Seriously?! The 2023 Amazon Fire HD 10 tablet is 42% off right now,2024-02-15
amazon,Apple Pencil 2 Falls to New Record Low Price of $79 on Amazon,2024-02-17
amazon,"Amazon Takes $300 Off Multiple Apple Studio Display Models, Available From $1,299.99",2024-02-19
amazon,The Washington house where Jeff Bezos founded Amazon is on sale for $2.3 million — take a look inside,2024-01-28
amazon,Walmart and Amazon face legal trouble for using a points system to track and fire employees over absences: lawyers,2024-02-21
amazon,Shokz OpenRun Pro Premium Bone-Conduction Headphones Are Just $140 at Amazon - CNET,2024-02-05
amazon,Jeff Bezos is just $8 billion away from overtaking Elon Musk to become the world's wealthiest person once more,2024-02-05
amazon,"A TikToker bought a $26,000 foldable house on impulse — and has absolutely no regrets",2024-02-04
amazon,Jeff Bezos' move to Miami shows just how hard it is to tax the rich,2024-02-13
amazon,Nvidia is more valuable than Amazon for the first time since 2002,2024-02-13
amazon,Jeff Bezos sells nearly 12 million Amazon shares worth at least $2 billion,2024-02-11
amazon,Jeff Bezos' great big February stock sell-off is complete,2024-02-21
amazon,Amazon lleva Alexa a los hoteles en España,2024-02-08
amazon,TikTok’s native app arrives for the Vision Pro,2024-02-15
amazon,Amazon delivered a box of cookies by drone to someone 15 minutes and 29 seconds after they ordered,2024-01-30
amazon,Amazon es acusada de recomendar los productos más caros,2024-02-09
amazon,You Can Get Apple's AirTag 4 Pack for $78.99 Right Now on Amazon,2024-02-07
amazon,Get the Apple Pencil 2 for $79 and AirTag 4 Pack for $78 Today on Amazon,2024-02-25
amazon,"With Miami Move, Jeff Bezos Proves Zip Codes Do Matter",2024-02-10
amazon,The Morning After: Mark Zuckerberg thinks the Quest 3 is much better than the Vision Pro,2024-02-15
amazon,"Valentine's Day Deals: Get All-Time Low Prices on AirPods, iPad, iPhone, MacBook Air, and More",2024-02-05
amazon,"Best Apple Deals of the Week: Get the Apple Pencil 2 for the Best-Ever Price of $79, $300 Off Studio Display, and More",2024-02-23
amazon,"Amazon Prime Video Drops Dolby Vision, Atmos Unless You Pay Extra",2024-02-13
amazon,Amazon Prime Video Ads Start From Today - Up To 3.5 Mins Per Hour,2024-01-29
amazon,Amazon delivery worker out of a job after he's accused of trying to steal a customer's puppy,2024-02-06
amazon,An ex-Amazon and Comcast recruiter said the most shocking thing she saw on a résume was a picture of someone holding a gun,2024-02-07
amazon,Jeff Bezos just sold off $2 billion in Amazon shares in what could be a strategy to make him the richest man in the world — again,2024-02-11
amazon,A former Amazon recruiter says one of the biggest mistakes job seekers make is putting Miss America-style statements in résumés,2024-02-13
amazon,MacKenzie Scott sold Amazon stock worth more than $10 billion last year,2024-01-29
amazon,20 of the most iconic Super Bowl commercials of all time,2024-02-09
amazon,Nvidia's value surges about $500 billion in 6 weeks — that's almost as much as Tesla is worth,2024-02-06
amazon,"News Weekly: Alphabet earnings soar, Bard picks up new tricks, and more",2024-02-03
amazon,One of our favorite noise-canceling earbuds is cheaper than ever,2024-02-07
amazon,Anker battery packs and charging accessories are up to 44 percent off,2024-02-20
amazon,"The Master of the Universe Movie Is Back On, Again",2024-02-13
amazon,Tim Cook Teases Big AI Announcement for Apple Later This Year,2024-02-02
amazon,Apple iOS 17.4: iMessage Gets Post-Quantum Encryption in New Update,2024-02-21
amazon,Tech Still Isn’t Doing Enough to Care for the Environment,2024-02-19
amazon,"The Garmin epix Pro (Gen 2) scores a historic 25% discount at Amazon, finally justifying its own existence (sort of)",2024-02-26
amazon,"Awesome Amazon Deals This Weekend: Save Big on Apple's AirPods 2, Amazon's Omni TV, Eugy L60 and More - CNET",2024-02-04
amazon,Samsung's Galaxy Tab A9 Plus Is Down to $190 at Amazon and Best Buy Right Now - CNET,2024-02-22
amazon,Nvidia is ahead of Amazon in market value — but for how long?,2024-02-13
amazon,10 Twisty Sci-Fi Movies On Amazon Prime To Watch Over And Over,2024-01-30
amazon,"Woot Discounts MagSafe Duo Charger to All-Time Low Price of $79.99, MagSafe Charger on Sale for $29.99",2024-01-30
amazon,"ESPN, Fox, and Warner Bros. are putting together a juggernaut sports streaming app",2024-02-06
amazon,Shopify’s ‘Magic’ AI image editor can make any product pics look professional,2024-01-31
amazon,Billionaire Jeff Bezos still uses a homemade scrappy door desk from the early days of launching Amazon,2024-01-29
amazon,"ESPN, Fox, and Warner Bros. Discovery are launching a streaming service just for sports this fall",2024-02-06
amazon,The latest Apple Pencil with USB-C charging falls to a new low price,2024-02-06
amazon,Nvidia Becomes Third Most Valuable US Company,2024-02-15
amazon,"Forcing workers back to the office is 'dinosaur management' — and companies risk losing out, expert says",2024-02-11
amazon,Aldi is the latest grocery store to use a rival version of Amazon's Just Walk Out tech,2024-02-08
microsoft,Microsoft LASERs away LLM inaccuracies,2024-01-31
microsoft,Microsoft prepares to take Xbox everywhere,2024-02-12
microsoft,Microsoft redesigns Copilot for the web and mobile,2024-02-07
microsoft,FTC accuses Microsoft of misrepresenting its Activision Blizzard plans after layoffs,2024-02-07
microsoft,The Console Wars Are Over. Some Influencers Won’t Let Them Go,2024-02-06
microsoft,Apple and Google Just Patched Their First Zero-Day Flaws of the Year,2024-01-31
microsoft,Intel’s CEO Says AI Is the Key to the Company’s Comeback,2024-02-22
microsoft,Microsoft may bring Bethesda’s Starfield and Indiana Jones games to the PS5 after all,2024-02-05
microsoft,Diablo IV will be the first Activision Blizzard title on Xbox Game Pass,2024-02-15
microsoft,"Microsoft, OpenAI, Google and others agree to combat election-related deepfakes",2024-02-16
microsoft,Microsoft says Palworld is the biggest ever third-party Game Pass launch,2024-01-31
microsoft,Microsoft’s legal department allegedly silenced an engineer who raised concerns about DALL-E 3,2024-01-30
microsoft,Wunderlist’s creators are back with a nifty new to-do app,2024-02-13
microsoft,Watch Phil Spencer discuss the future of Xbox at 3PM ET,2024-02-15
microsoft,Microsoft is working on its own DLSS-like upscaler for Windows 11,2024-02-12
microsoft,"Move Over OpenAI, Microsoft Has a New Darling Startup",2024-02-26
microsoft,Russian and North Korean hackers used OpenAI tools to hone cyberattacks,2024-02-14
microsoft,"How to Not Get Scammed Out of $50,000",2024-02-17
microsoft,Feds Say Activision Layoffs Violate Promises Microsoft Made in Merger Deal,2024-02-08
microsoft,Xbox's Hi-Fi Rush is coming to PS5 on March 19,2024-02-21
microsoft,"Xbox, Nintendo or PlayStation: does it still matter?",2024-02-15
microsoft,NVIDIA becomes the third most valuable US company at Alphabet's expense,2024-02-15
microsoft,Nvidia CEO calls for “Sovereign AI” as his firm overtakes Amazon in market value,2024-02-13
microsoft,Unsealed court doc shows why Apple rejected Microsoft’s offer to buy Bing,2024-02-26
microsoft,Do Xbox owners have a right to expect console exclusives?,2024-02-08
microsoft,AI Tools Like GitHub Copilot Are Rewiring Coders’ Brains. Yours May Be Next,2024-02-08
microsoft,"AI Not Hyped Enough, Says Microsoft Exec",2024-02-20
microsoft,Microsoft Flight Simulator World Update 16 takes you to the Caribbean,2024-01-31
microsoft,Amazon’s Cloud Boss Likens Generative AI Hype to the Dotcom Bubble,2024-02-07
microsoft,Microsoft Fixes Edge Browser Bug That Was Stealing Chrome Tabs and Data,2024-02-20
microsoft,"Defense Department alerts over 20,000 employees about email data breach",2024-02-14
microsoft,Microsoft Copilot’s new update lets you tweak AI-generated images right in chat,2024-02-09
microsoft,Microsoft announce new partnership with journalism organizations,2024-02-07
microsoft,"Apple, Microsoft granted exemptions from incoming EU digital legislation",2024-02-13
microsoft,Microsoft closes the loophole that allowed the Taylor Swift incident,2024-01-30
microsoft,Microsoft confirms full Xbox catalog playable in cloud later this year,2024-02-19
microsoft,Could Microsoft Flight Simulator be heading to PlayStation 5?,2024-02-16
microsoft,Microsoft Flight Simulator’s Dune Part Two’s collaboration brings free Ornithopter to the skies,2024-02-14
microsoft,"Microsoft, eBay, PayPal among tech giants 34,000 job cuts due to AI",2024-02-12
microsoft,AI has its Super Bowl moment with Microsoft Copilot,2024-02-08
microsoft,Microsoft earnings call: What can we expect from MSFT’s Q2 report,2024-01-30
microsoft,Microsoft Edge steals your data from Google Chrome,2024-01-31
microsoft,Microsoft launches new Vapor series of Xbox controllers,2024-01-31
microsoft,Microsoft Revives Aggressive Windows 11 Upgrade Campaign With Intrusive Popups,2024-02-06
microsoft,Microsoft 'Retires' Azure IoT Central In Platform Rethink,2024-02-16
microsoft,How a Microsoft Update Broke VS Code Editor on Ubuntu,2024-02-04
microsoft,Microsoft Closes Loophole That Created Taylor Swift Deepfakes,2024-01-29
microsoft,Microsoft Will Use Intel To Manufacture Home-Grown Processor,2024-02-21
microsoft,Microsoft Strikes Deal With Mistral in Push Beyond OpenAI,2024-02-26
microsoft,Meta’s free Code Llama AI programming tool closes the gap with GPT-4,2024-01-29
microsoft,Microsoft se une al club de Apple: diseñará sus propios chips y recurrirá a un viejo conocido para fabricarlos,2024-02-22
microsoft,"PayPal is laying off 2,500 employees",2024-01-30
microsoft,Google pauses Gemini’s ability to generate people after overcorrecting for diversity in historical images,2024-02-22
microsoft,Microsoft says it’s taking four unnamed Xbox games “to the other consoles”,2024-02-15
microsoft,"Google Says Microsoft Offered To Sell Bing To Apple in 2018, But Search-quality Issues Got in the Way",2024-02-26
microsoft,Microsoft warns of Iran’s advanced cyber operations targeting US elections,2024-02-07
microsoft,Figure AI in talks with Microsoft and OpenAI for funding,2024-01-31
microsoft,Microsoft gets set to reveal Xbox’s future plans,2024-02-13
microsoft,FTC seeks pause on Microsoft-Activision deal amid layoff controversy,2024-02-08
microsoft,Microsoft's Xbox boss says jacking up video game prices can end up being 'manipulative',2024-02-21
microsoft,"Microsoft's full set of Office apps will be available on Apple's Vision Pro — including the company's new AI assistant, Copilot",2024-02-01
microsoft,"Satya Nadella's life and career, from computer-science student to CEO of Microsoft and turning it into a $3 trillion titan",2024-01-28
microsoft,"Microsoft lleva Teams, Word, Excel y Copilot al Apple Vision Pro",2024-01-31
microsoft,"Meet the Pranksters Behind Goody-2, the World’s ‘Most Responsible’ AI Chatbot",2024-02-09
microsoft,‘Every Screen is an Xbox’ Microsoft tries to pump up staff before today’s inevitable backlash,2024-02-15
microsoft,Microsoft's upcoming custom chip will be made by Intel,2024-02-22
microsoft,Here are the most useful Apple Vision Pro apps at launch,2024-02-02
microsoft,Sony misses PS5 sales target as console enters ‘latter stage of its life cycle’,2024-02-14
microsoft,Snag This HP Laptop Bundle Filled With Freebies for Just $400 at QVC - CNET,2024-02-19
microsoft,Microsoft's Super Bowl ad is a sign of the company's shifting AI priorities,2024-02-07
microsoft,"Since Steve Ballmer Retired 10 Years Ago, Microsoft's Valuation Has Increased 10X",2024-02-05
microsoft,"Microsoft Copilot AI climbs Google, Apple app store charts after Super Bowl ad (despite errors)",2024-02-12
microsoft,Microsoft CEO Satya Nadella worries hackers could cause a 'breakdown of world order',2024-01-31
microsoft,Indie game champion Day of the Devs is now an independent non-profit,2024-01-30
microsoft,Microsoft AI Engineer Says Company Thwarted Attempt To Expose DALL-E 3 Safety Problems,2024-01-31
microsoft,"Mistral releases new ‘top-tier’ AI model, partners with Microsoft",2024-02-26
microsoft,Microsoft to pump €3.2B into German AI technologies,2024-02-15
microsoft,Microsoft Not Planning on Xbox Cloud Gaming App for iOS Because There's 'Not Room' for Monetization,2024-02-15
microsoft,The first users of Microsoft’s AI bot ask if it’s worth the money,2024-02-14
microsoft,"Microsoft Teases Next-Gen Xbox With 'Largest Technical Leap', New 'Unique' Hardware",2024-02-15
microsoft,"Microsoft Relents, Will Support VS Code On Ubuntu 18.04 For One More Year",2024-02-10
microsoft,Microsoft President: 'You Can't Believe Every Video You See or Audio You Hear',2024-02-17
microsoft,"Microsoft, Google, Meta, X and Others Pledge To Prevent AI Election Interference",2024-02-16
microsoft,Tim Cook Teases Big AI Announcement for Apple Later This Year,2024-02-02
microsoft,Windows 11 Users Herded Toward 23H2 Via Automatic Upgrade,2024-02-22
microsoft,The Morning After: Want some hybrid meat rice?,2024-02-16
microsoft,Microsoft ignoró avisos sobre un exploit de DALL-E 3 que pudo influir en los deepfakes sexuales de Taylor Swift,2024-01-31
microsoft,China’s Hackers Keep Targeting US Water and Electricity Supplies,2024-02-03
microsoft,"Tim Cook, Steve Ballmer and Jamie Dimon are among the few US billionaires who didn't found a company or inherit a fortune",2024-02-08
microsoft,"In cloud, there's AI (which is hot) and everything else (which is not)",2024-02-01
microsoft,Microsoft designa a la directora general de ‘Call of Duty’ como nueva presidente de Blizzard,2024-01-29
microsoft,"Apple y Microsoft se salen con la suya: iMessage, Bing y Edge evitarán la Ley de Mercados Digitales",2024-02-13
microsoft,Microsoft invertirá una millonada en España para potenciar la inteligencia artificial,2024-02-19
microsoft,Telefónica integrará la IA de Microsoft Azure en su Kernel 2.0,2024-02-26
microsoft,Microsoft te perseguirá hasta el cansancio para que actualices tu PC a Windows 11,2024-02-09
microsoft,"Xbox chief announces mysterious event after weeks of leaks, layoffs, and drama",2024-02-06
microsoft,LinkedIn's New AI Chatbot Wants to Help You Find Your Next Job,2024-02-07
microsoft,Gab’s Racist AI Chatbots Have Been Instructed to Deny the Holocaust,2024-02-21
microsoft,Microsoft BitLocker encryption hacked by a cheap off-the-shelf Raspberry Pi Pico,2024-02-07
microsoft,Is Xbox ‘exclusive’ Starfield heading to PlayStation 5?,2024-02-05
tesla,Tesla has won the EV charging wars,2024-02-12
tesla,Tesla sued by 25 California counties for allegedly mishandling hazardous waste,2024-02-01
tesla,Tesla settles California hazardous waste lawsuit for $1.5 million,2024-02-02
tesla,Tesla Wins EV Charging: All Car Companies Using NACS,2024-02-13
tesla,Ford Is Giving Away Free Tesla Charger Converters That Will Unlock a New World of EV Power,2024-01-31
tesla,Tesla recalls over 2 million EVs because the warning light text is too small,2024-02-02
tesla,Tesla Recalling Almost Every Car It's Sold In The US,2024-02-02
tesla,The Morning After: That AI-generated George Carlin comedy special was written by humans,2024-01-29
tesla,Relatable: Elon Musk Is Mad About His Paycheck,2024-01-31
tesla,Tesla Lawyer Cried at a Deposition Because He Loves Elon So Much,2024-02-01
tesla,Elon Musk's Battle with Swedish Unions Is Now Impacting Tesla's Charging Stations,2024-02-23
tesla,This Is Why Tesla's Stainless Steel Cybertrucks May Be Rusting,2024-02-16
tesla,Elon Musk's Latest Robot Video Looks Like It Was Shot on a Phone From 2002,2024-02-24
tesla,Tesla is upgrading its Model Y's self-driving features in China amid fierce competition from BYD,2024-02-02
tesla,Stellantis will finally adopt Tesla-style fast charger plug,2024-02-13
tesla,Elon Musk is synonymous with Tesla. Is that good or bad for shareholders?,2024-02-09
tesla,Founding OpenAI Member Andrej Karpathy Leaves Company,2024-02-14
tesla,Tesla didn't run a Super Bowl ad. But a tech CEO calling for a boycott of the carmaker did.,2024-02-12
tesla,Elon Musk’s $56bn Tesla pay package voided by Delaware judge,2024-01-31
tesla,Tesla settles hazardous waste lawsuit in California,2024-02-02
tesla,Ford CEO confirms complimentary charging adapters coming soon,2024-01-31
tesla,Tesla is facing a lawsuit alleging it mishandled hazardous waste,2024-02-01
tesla,Tesla owners are peeved about an update that was meant to fix Autopilot,2024-01-29
tesla,Elon Musk wants to sell more Teslas in Japan. Here's why that could be tricky.,2024-01-28
tesla,"Tesla knocks $1,000 off the price of its Model Y cars in the US to boost sales",2024-02-12
tesla,"The Tesla chair was meant to rein in Elon Musk, but she's shunned the spotlight. A court ruling has dragged her into it.",2024-02-21
tesla,"Lucid Slashes Air Prices, Long Range EV Now as Much as $8,000 Cheaper - CNET",2024-02-15
tesla,What it's like to take the Cybertruck camping,2024-02-10
tesla,"Tesla's board faces a 'tornado situation' after Elon Musk's $55 billion pay package was struck down, analysts say",2024-02-02
tesla,Kim Kardashian seems to be the latest celebrity to join the ranks of Cybertruck owners,2024-02-20
tesla,Wife of Tesla employee who died in what may have been the first 'full self-driving' crash said she and her husband were 'guinea pigs',2024-02-14
tesla,"Tesla workers still make less than those at Ford and GM, despite recent raises",2024-02-09
tesla,Tesla made $1.8 billion last year from a side hustle,2024-02-12
tesla,Donald Trump Pledges to Protect AM Radio in Rambling Speech to Christian Broadcasters,2024-02-23
tesla,Tesla ditched language saying it was 'a majority-minority workforce' after Elon Musk said 'DEI must die',2024-01-30
tesla,Some Cybertruck owners say their Teslas are starting to rust in the rain,2024-02-14
tesla,Tesla's new update is designed to make charging in the cold less of a headache,2024-02-15
tesla,Elon Musk says Tesla's Optimus lab looks like something out of 'Westworld',2024-01-29
tesla,Why Elon Musk's battle with Delaware is about more than a $55 billion pay package,2024-01-31
tesla,Elon Musk is now worth just under $200 billion — and Jeff Bezos is only $15 billion behind,2024-01-29
tesla,"Elon Musk says the people have spoken, and he'll make moves to shift Tesla to be incorporated in Texas",2024-02-01
tesla,"Elon Musk may be done with Delaware, but don't expect other corporations to follow his crusade",2024-02-21
tesla,"Former Tesla director Larry Ellison invited Elon Musk to Hawaii to 'dry out' from drugs, report says",2024-02-04
tesla,Elon Musk's lawyer is helping Adam Neumann as he tries to buy back WeWork,2024-02-07
tesla,Ford is not giving up on EVs — and has Elon Musk's 'affordable Tesla' in its sights,2024-02-07
tesla,Leaked Tesla pay data: How much Elon Musk's factory workers now make across the US after some got raises,2024-02-08
tesla,"You can now get Tesla's Cybertruck in 3 more colors, including 'satin abyss blue,' if you're willing to pay up to $6,500 more",2024-02-22
tesla,SpaceX files to relocate to Texas after Elon Musk's spat with Delaware over pay package,2024-02-15
tesla,Jeff Bezos is just $8 billion away from overtaking Elon Musk to become the world's wealthiest person once more,2024-02-05
tesla,"Elon Musk cannot keep Tesla pay package worth more than $55 billion, judge rules",2024-01-31
tesla,BYD may build electric vehicle factory in Mexico for US market,2024-02-14
tesla,Neuralink exec Shivon Zilis defends Elon Musk's $55 billion Tesla pay package,2024-01-31
tesla,Elon Musk compares the AI race to playing poker — you need to spend billions every year just to sit at the table,2024-01-29
tesla,A group of people chilling on a sauna boat sailed to a Tesla's rescue after the vehicle plunged into an icy fjord,2024-02-02
tesla,Tesla issues recall for most of its cars in the US over warning light issue,2024-02-02
tesla,Moron’s are wearing Apple Vision Pro while driving Tesla on autopilot,2024-02-06
tesla,Elon Musk says he’ll move Tesla’s legal HQ to Texas,2024-02-01
tesla,Cybertruck engineer addresses claims the Tesla EVs rust in the rain,2024-02-19
tesla,"The 2024 EV Tax Credit: Big Rebate, Small List - CNET",2024-02-05
tesla,Check out Tesla rival BYD's $233K electric supercar that has Ferrari and McLaren vibes,2024-02-26
tesla,"Tesla llega a Colombia, confirmado: los detalles de la llegada de los coches eléctricos de Elon Musk al país",2024-02-24
tesla,Tesla Model Y Juniper: Todo lo que sabemos del rediseño del coche más popular del mundo,2024-02-12
tesla,BYD Seal U llega a España: el coche chino que le planta cara al Tesla Model Y,2024-01-29
tesla,BYD sigue los pasos de Tesla y construirá su próxima fábrica de coches eléctricos en México,2024-02-14
tesla,Pete Buttigieg warns people not to wear the Apple Vision Pro while driving after a viral video showed someone wearing one behind the wheel of a Cybertruck,2024-02-06
tesla,Lucid slashes prices for its luxury EVs for the third time in seven months,2024-02-15
tesla,Polestar's CEO just hinted at a looming problem in the EV market: Tanking used values,2024-02-06
tesla,Judge voids Musk's $56 billion Tesla pay package,2024-01-30
tesla,Elon Musk's Tesla $55B pay package voided by judge,2024-01-30
tesla,The AI Industry Has a Not So Secret Weapon: Lobbyists,2024-02-02
tesla,"EVs won over early adopters, but mainstream buyers aren't along for the ride yet",2024-02-07
tesla,Elon Musk might be right. Chinese EV firms could 'demolish' their US rivals.,2024-02-02
tesla,"Elon Musk's company directors feel an 'expectation' to use drugs with him to avoid upsetting the billionaire, report says",2024-02-04
tesla,On a Tesla: Don't,2024-01-29
tesla,Nvidia's value surges about $500 billion in 6 weeks — that's almost as much as Tesla is worth,2024-02-06
tesla,Tesla Grünheide: Ministerium befürchtet Abfuhr für Bebauungsplan durch Bürger,2024-02-07
tesla,Elon Musk ordered to testify in Twitter takeover investigation,2024-02-12
tesla,Tesla no tendrá que pagar los 55.000 millones de compensación para Musk: la lucha por el poder en Tesla se recrudece,2024-01-31
tesla,"Nuevo Tesla Model 2: fecha de lanzamiento, precio, modelos y todo lo que creemos saber sobre el coche eléctrico de los 25.000 euros",2024-02-01
tesla,"Elon Musk afirma que Tesla tiene ""el mejor modelo del mundo"" para crear vídeo. Es difícil de creer",2024-02-19
tesla,Video of Man 'Flying' Plane While Wearing the Apple Vision Pro Sparks Outrage,2024-02-07
tesla,Tesla temporarily slashes prices for some Model Y cars in the US,2024-02-10
tesla,Un inglés llamó Tesla a su restaurante. Se ha quedado sin su marca y con una multa de 14.000 euros,2024-02-12
tesla,The 10 most deeply discounted electric cars right now,2024-02-25
tesla,Twitter employees monitored Elon Musk's jet-tracking account to see when he'd be in the office,2024-02-20
tesla,"Microsoft and OpenAI are in talks to inject $500 million into humanoid robotics startup Figure AI, report says",2024-01-31
tesla,A Senate hearing with top tech CEOs about online child safety had plenty of fireworks,2024-02-01
tesla,Tesla recalling nearly 2.2M vehicles for software update to fix warning lights,2024-02-02
tesla,"Without $55B Tesla Pay Court Ruled ‘Excessive,’ Elon Musk Would Not Be World’s Richest Man",2024-01-31
tesla,Elon Musk quiere llevar la IA de Tesla al siguiente nivel. Para lograrlo necesita dos aliados: NVIDIA y AMD,2024-01-30
tesla,"Tesla cuts prices by $1,000 for some Model Y cars in the U.S.",2024-02-12
tesla,Tesla owners are upset about an update that was meant to fix Autopilot,2024-01-30
tesla,"Tesla asks which jobs are critical, stoking layoff fears",2024-02-07
tesla,Shifting Tesla incorporation to Texas may not give Musk what he wants,2024-02-03
tesla,"Tesla Cybertruck wheel covers, it turns out, are rubbing into the tire sidewalls",2024-02-02
tesla,Elon Musk can't keep $56 billion Tesla pay package as judge sides with shareholders,2024-01-30
tesla,Tesla recalling nearly 2.2M vehicles for software update to fix warning lights,2024-02-02
tesla,Tesla Model 3 Highland First Look: Exterior and Interior Review,2024-02-16
tesla,Ford's free Tesla NACS adapter surfaces online,2024-02-25
tesla,Hubo un día en el que Toyota y Tesla desarrollaron un coche eléctrico juntos. Y fue un espejo de su situación actual,2024-02-10
